archive_label,archive_file,archive_sha256,member_path,extension,bytes,sha256,nested_archive,publication_class
01_프로젝트1_류형록,프로젝트1_류형록.zip,65b2bbee45c07d551d13ca101d1ef17747fff501d2050bae9213786de0df1143,프로젝트1_류형록/create_project.tcl,.tcl,872,0222eec8f4c49a11fd1c3118f7573074ba1556185b1cf6c456f436065d54aa13,False,PUBLIC_USED
01_프로젝트1_류형록,프로젝트1_류형록.zip,65b2bbee45c07d551d13ca101d1ef17747fff501d2050bae9213786de0df1143,프로젝트1_류형록/delay_logic.qpf,.qpf,91,0a01855c2ec747b04cbb6197b3359d0f19c0dc9d567be916d4e3d1095fe9abd1,False,PUBLIC_USED
01_프로젝트1_류형록,프로젝트1_류형록.zip,65b2bbee45c07d551d13ca101d1ef17747fff501d2050bae9213786de0df1143,프로젝트1_류형록/delay_logic.qsf,.qsf,941,8687bbcdd05a52158cabe4825887bf37aa80f2a63e5b631efc3d9017a863a129,False,PUBLIC_USED
01_프로젝트1_류형록,프로젝트1_류형록.zip,65b2bbee45c07d551d13ca101d1ef17747fff501d2050bae9213786de0df1143,프로젝트1_류형록/delay_logic.sdc,.sdc,184,12645166516f4abb5f420267575805dc4471d34440054f6c89bdbc7decf4d68d,False,PUBLIC_USED
01_프로젝트1_류형록,프로젝트1_류형록.zip,65b2bbee45c07d551d13ca101d1ef17747fff501d2050bae9213786de0df1143,프로젝트1_류형록/delay_logic.sv,.sv,1596,6f8eab1ffebaccff6ac4bd960358d6bc65143facef1025e6102fb5fcb43a2068,False,PUBLIC_USED
01_프로젝트1_류형록,프로젝트1_류형록.zip,65b2bbee45c07d551d13ca101d1ef17747fff501d2050bae9213786de0df1143,프로젝트1_류형록/run_quartus_compile.bat,.bat,331,4ccdc1f5cd305e7e0bc13e8724a520813776a420a97b4a60c5c1c0549c83282b,False,PUBLIC_USED
01_프로젝트1_류형록,프로젝트1_류형록.zip,65b2bbee45c07d551d13ca101d1ef17747fff501d2050bae9213786de0df1143,프로젝트1_류형록/run_questa_gui.bat,.bat,158,3f9d58dd1de95c03fd00075d39336516d84ef1e2a461de5f26469bf31d7361fb,False,PUBLIC_USED
01_프로젝트1_류형록,프로젝트1_류형록.zip,65b2bbee45c07d551d13ca101d1ef17747fff501d2050bae9213786de0df1143,프로젝트1_류형록/run_sim.do,.do,319,38fabe544dd1b2816ca7755db196efe0a5cf907ff6acd022d6948005ec93f89f,False,PUBLIC_USED
01_프로젝트1_류형록,프로젝트1_류형록.zip,65b2bbee45c07d551d13ca101d1ef17747fff501d2050bae9213786de0df1143,프로젝트1_류형록/run_sim_batch.do,.do,271,b490c99d931198c58130f76a32bf92106767bd380040978703ffafc0d4b56add,False,PUBLIC_USED
01_프로젝트1_류형록,프로젝트1_류형록.zip,65b2bbee45c07d551d13ca101d1ef17747fff501d2050bae9213786de0df1143,프로젝트1_류형록/tb_delay_logic.sv,.sv,2596,acd1c61f0ce2981a783268aa283c95b7daedf9574694184eadaeaab1bebcd517,False,PUBLIC_USED
01_프로젝트1_류형록,프로젝트1_류형록.zip,65b2bbee45c07d551d13ca101d1ef17747fff501d2050bae9213786de0df1143,프로젝트1_류형록/test_scenario_wave_table.csv,.csv,998,f4f2e0bac4dedbb1907e9f9780b570a388fb05d9f0a7cd0707c091a556c3002d,False,PUBLIC_USED
01_프로젝트1_류형록,프로젝트1_류형록.zip,65b2bbee45c07d551d13ca101d1ef17747fff501d2050bae9213786de0df1143,프로젝트1_류형록/wave.do,.do,583,4e51244682b452b07cfa8d04a92861be7395e3d81d17f6f3e09f01dc1bad2a83,False,PUBLIC_USED
01_프로젝트1_류형록,프로젝트1_류형록.zip,65b2bbee45c07d551d13ca101d1ef17747fff501d2050bae9213786de0df1143,프로젝트1_류형록/프로젝트1_Shift_Register Delay Logic 설계검증_류형록.docx,.docx,279234,4e24aa9db72893608fc6a0b42ef495cb5e5db637cc23a377a4616d270eb7bca2,False,PUBLIC_REFERENCE_ONLY
02_Shift Register Delay Logic_류형록,Shift Register Delay Logic_류형록.zip,986f29eb31a566028fa3f069b086559287b1861479e7a4c58c513cd41acd4d67,Shift_Register_Delay_Logic_류형록_강의자료반영_최종/test_scenario_wave_table.csv,.csv,998,f4f2e0bac4dedbb1907e9f9780b570a388fb05d9f0a7cd0707c091a556c3002d,False,PUBLIC_USED
02_Shift Register Delay Logic_류형록,Shift Register Delay Logic_류형록.zip,986f29eb31a566028fa3f069b086559287b1861479e7a4c58c513cd41acd4d67,Shift_Register_Delay_Logic_류형록_강의자료반영_최종/run_sim_batch.do,.do,271,b490c99d931198c58130f76a32bf92106767bd380040978703ffafc0d4b56add,False,PUBLIC_USED
02_Shift Register Delay Logic_류형록,Shift Register Delay Logic_류형록.zip,986f29eb31a566028fa3f069b086559287b1861479e7a4c58c513cd41acd4d67,Shift_Register_Delay_Logic_류형록_강의자료반영_최종/run_quartus_compile.bat,.bat,331,4ccdc1f5cd305e7e0bc13e8724a520813776a420a97b4a60c5c1c0549c83282b,False,PUBLIC_USED
02_Shift Register Delay Logic_류형록,Shift Register Delay Logic_류형록.zip,986f29eb31a566028fa3f069b086559287b1861479e7a4c58c513cd41acd4d67,Shift_Register_Delay_Logic_류형록_강의자료반영_최종/delay_logic.sv,.sv,1596,6f8eab1ffebaccff6ac4bd960358d6bc65143facef1025e6102fb5fcb43a2068,False,PUBLIC_USED
02_Shift Register Delay Logic_류형록,Shift Register Delay Logic_류형록.zip,986f29eb31a566028fa3f069b086559287b1861479e7a4c58c513cd41acd4d67,Shift_Register_Delay_Logic_류형록_강의자료반영_최종/run_questa_gui.bat,.bat,158,3f9d58dd1de95c03fd00075d39336516d84ef1e2a461de5f26469bf31d7361fb,False,PUBLIC_USED
02_Shift Register Delay Logic_류형록,Shift Register Delay Logic_류형록.zip,986f29eb31a566028fa3f069b086559287b1861479e7a4c58c513cd41acd4d67,Shift_Register_Delay_Logic_류형록_강의자료반영_최종/wave.do,.do,583,4e51244682b452b07cfa8d04a92861be7395e3d81d17f6f3e09f01dc1bad2a83,False,PUBLIC_USED
02_Shift Register Delay Logic_류형록,Shift Register Delay Logic_류형록.zip,986f29eb31a566028fa3f069b086559287b1861479e7a4c58c513cd41acd4d67,Shift_Register_Delay_Logic_류형록_강의자료반영_최종/README_실행방법.txt,.txt,1984,6a210d3e527f0c49b30372c2b770da1fe447486955d433ce55f713a124cb6424,False,PUBLIC_USED
02_Shift Register Delay Logic_류형록,Shift Register Delay Logic_류형록.zip,986f29eb31a566028fa3f069b086559287b1861479e7a4c58c513cd41acd4d67,Shift_Register_Delay_Logic_류형록_강의자료반영_최종/delay_logic.qsf,.qsf,941,8687bbcdd05a52158cabe4825887bf37aa80f2a63e5b631efc3d9017a863a129,False,PUBLIC_USED
02_Shift Register Delay Logic_류형록,Shift Register Delay Logic_류형록.zip,986f29eb31a566028fa3f069b086559287b1861479e7a4c58c513cd41acd4d67,Shift_Register_Delay_Logic_류형록_강의자료반영_최종/run_sim.do,.do,319,38fabe544dd1b2816ca7755db196efe0a5cf907ff6acd022d6948005ec93f89f,False,PUBLIC_USED
02_Shift Register Delay Logic_류형록,Shift Register Delay Logic_류형록.zip,986f29eb31a566028fa3f069b086559287b1861479e7a4c58c513cd41acd4d67,Shift_Register_Delay_Logic_류형록_강의자료반영_최종/create_project.tcl,.tcl,872,0222eec8f4c49a11fd1c3118f7573074ba1556185b1cf6c456f436065d54aa13,False,PUBLIC_USED
02_Shift Register Delay Logic_류형록,Shift Register Delay Logic_류형록.zip,986f29eb31a566028fa3f069b086559287b1861479e7a4c58c513cd41acd4d67,Shift_Register_Delay_Logic_류형록_강의자료반영_최종/delay_logic.sdc,.sdc,184,12645166516f4abb5f420267575805dc4471d34440054f6c89bdbc7decf4d68d,False,PUBLIC_USED
02_Shift Register Delay Logic_류형록,Shift Register Delay Logic_류형록.zip,986f29eb31a566028fa3f069b086559287b1861479e7a4c58c513cd41acd4d67,Shift_Register_Delay_Logic_류형록_강의자료반영_최종/delay_logic.qpf,.qpf,91,0a01855c2ec747b04cbb6197b3359d0f19c0dc9d567be916d4e3d1095fe9abd1,False,PUBLIC_USED
02_Shift Register Delay Logic_류형록,Shift Register Delay Logic_류형록.zip,986f29eb31a566028fa3f069b086559287b1861479e7a4c58c513cd41acd4d67,Shift_Register_Delay_Logic_류형록_강의자료반영_최종/tb_delay_logic.sv,.sv,2596,acd1c61f0ce2981a783268aa283c95b7daedf9574694184eadaeaab1bebcd517,False,PUBLIC_USED
02_Shift Register Delay Logic_류형록,Shift Register Delay Logic_류형록.zip,986f29eb31a566028fa3f069b086559287b1861479e7a4c58c513cd41acd4d67,Shift_Register_Delay_Logic_류형록_강의자료반영_최종/프로젝트1_Shift_Register_Delay_Logic_설계검증_류형록_최종.docx,.docx,209032,e28ea311590cf5593cc7b21abcffe42dde7d330ae38fd11156de725c4e819143,False,PUBLIC_REFERENCE_ONLY
02_Shift Register Delay Logic_류형록,Shift Register Delay Logic_류형록.zip,986f29eb31a566028fa3f069b086559287b1861479e7a4c58c513cd41acd4d67,Shift_Register_Delay_Logic_류형록_강의자료반영_최종/figures/wave_scenario1_2.png,.png,63451,5aa22cab086bf6947e5719df808638bb8e49d1373b7538d30a9c075d3b740088,False,PUBLIC_REFERENCE_ONLY
02_Shift Register Delay Logic_류형록,Shift Register Delay Logic_류형록.zip,986f29eb31a566028fa3f069b086559287b1861479e7a4c58c513cd41acd4d67,Shift_Register_Delay_Logic_류형록_강의자료반영_최종/figures/wave_scenario3.png,.png,56389,b2df1c3fc10665d16e3d2549384684aac738e07e86ad1dd4bc8555f3bdfd8d8a,False,PUBLIC_REFERENCE_ONLY
02_Shift Register Delay Logic_류형록,Shift Register Delay Logic_류형록.zip,986f29eb31a566028fa3f069b086559287b1861479e7a4c58c513cd41acd4d67,Shift_Register_Delay_Logic_류형록_강의자료반영_최종/figures/rtl_block_diagram.png,.png,132531,68d04ef9400b5112817c7f58ab589ba40dd855cb0b9477aab16fac399d46cea1,False,PUBLIC_REFERENCE_ONLY
03_프로젝트2_Circular_Queue_Delay_Logic_PPA_류형록_최종,프로젝트2_Circular_Queue_Delay_Logic_PPA_류형록_최종.zip,a3156ec6d23a96eeadc08e45effae3f9c040eaf61325d3edec80e78501fc1317,README_실행방법.txt,.txt,5376,0efdbbd1d604452588b1139c35ae06650123a4aedb462fed5bf1a1d69713af74,False,PUBLIC_USED
03_프로젝트2_Circular_Queue_Delay_Logic_PPA_류형록_최종,프로젝트2_Circular_Queue_Delay_Logic_PPA_류형록_최종.zip,a3156ec6d23a96eeadc08e45effae3f9c040eaf61325d3edec80e78501fc1317,constraints/clock_100mhz.sdc,.sdc,83,67c5e04aa67b23f36e1ec4a4bf2f8c904dae8bd00a8451355a049779c6b20109,False,PUBLIC_USED
03_프로젝트2_Circular_Queue_Delay_Logic_PPA_류형록_최종,프로젝트2_Circular_Queue_Delay_Logic_PPA_류형록_최종.zip,a3156ec6d23a96eeadc08e45effae3f9c040eaf61325d3edec80e78501fc1317,docs/프로젝트2_Circular_Queue_Delay_Logic_설계검증_PPA_류형록_최종.docx,.docx,528721,5ab33946c6646a10e607498d1856e7c294420d9ece6b867b69978593aed1fe77,False,PUBLIC_REFERENCE_ONLY
03_프로젝트2_Circular_Queue_Delay_Logic_PPA_류형록_최종,프로젝트2_Circular_Queue_Delay_Logic_PPA_류형록_최종.zip,a3156ec6d23a96eeadc08e45effae3f9c040eaf61325d3edec80e78501fc1317,figures/circular_queue_rtl_block.png,.png,158080,b3b7e02058f4a869cc9897d47fd2f67af58a9a2b03a905ce631e22536e3cfc85,False,PUBLIC_REFERENCE_ONLY
03_프로젝트2_Circular_Queue_Delay_Logic_PPA_류형록_최종,프로젝트2_Circular_Queue_Delay_Logic_PPA_류형록_최종.zip,a3156ec6d23a96eeadc08e45effae3f9c040eaf61325d3edec80e78501fc1317,figures/ppa_comparison_flow.png,.png,106280,d163980c962f2d7d15be47e220fd93e5a2f0de907218b687814dfe1dac2c1827,False,PUBLIC_REFERENCE_ONLY
03_프로젝트2_Circular_Queue_Delay_Logic_PPA_류형록_최종,프로젝트2_Circular_Queue_Delay_Logic_PPA_류형록_최종.zip,a3156ec6d23a96eeadc08e45effae3f9c040eaf61325d3edec80e78501fc1317,figures/wave_scenario1_2.png,.png,66198,6c4176132063fef0baa1e46bd85de3fcb19a5d289422697a755168b4062f56fc,False,PUBLIC_REFERENCE_ONLY
03_프로젝트2_Circular_Queue_Delay_Logic_PPA_류형록_최종,프로젝트2_Circular_Queue_Delay_Logic_PPA_류형록_최종.zip,a3156ec6d23a96eeadc08e45effae3f9c040eaf61325d3edec80e78501fc1317,figures/wave_scenario3.png,.png,65296,e07e1ea8a6d18f280e9f7446cb1d779b47c0792512dc68c5a7c6189e35141879,False,PUBLIC_REFERENCE_ONLY
03_프로젝트2_Circular_Queue_Delay_Logic_PPA_류형록_최종,프로젝트2_Circular_Queue_Delay_Logic_PPA_류형록_최종.zip,a3156ec6d23a96eeadc08e45effae3f9c040eaf61325d3edec80e78501fc1317,modelsim/generate_all_vcd.bat,.bat,566,b773c1ed6707160cf822b0d04f3a07e4bacbf7879561d946b1558769da30ba7b,False,PUBLIC_USED
03_프로젝트2_Circular_Queue_Delay_Logic_PPA_류형록_최종,프로젝트2_Circular_Queue_Delay_Logic_PPA_류형록_최종.zip,a3156ec6d23a96eeadc08e45effae3f9c040eaf61325d3edec80e78501fc1317,modelsim/run_functional_batch.do,.do,239,ac3d94f9122216edf39f328dcd38f6170911f038b94920bc9b17aa2345a1a517,False,PUBLIC_USED
03_프로젝트2_Circular_Queue_Delay_Logic_PPA_류형록_최종,프로젝트2_Circular_Queue_Delay_Logic_PPA_류형록_최종.zip,a3156ec6d23a96eeadc08e45effae3f9c040eaf61325d3edec80e78501fc1317,modelsim/run_functional_sim.do,.do,280,1ab2da12993fd23e11ff70bb93dea075e851e4504f8b485ccf9c60eab5b56b2f,False,PUBLIC_USED
03_프로젝트2_Circular_Queue_Delay_Logic_PPA_류형록_최종,프로젝트2_Circular_Queue_Delay_Logic_PPA_류형록_최종.zip,a3156ec6d23a96eeadc08e45effae3f9c040eaf61325d3edec80e78501fc1317,modelsim/run_modelsim_batch.bat,.bat,187,87ce8c4f79f3e291a53054d65f6df38f33858f15f8fd294eccb5d737b628cd70,False,PUBLIC_USED
03_프로젝트2_Circular_Queue_Delay_Logic_PPA_류형록_최종,프로젝트2_Circular_Queue_Delay_Logic_PPA_류형록_최종.zip,a3156ec6d23a96eeadc08e45effae3f9c040eaf61325d3edec80e78501fc1317,modelsim/run_modelsim_gui.bat,.bat,270,7c90e7674c49630b166daa09b7a9516de0ea0d78b75bd71502adf1f4fe266524,False,PUBLIC_USED
03_프로젝트2_Circular_Queue_Delay_Logic_PPA_류형록_최종,프로젝트2_Circular_Queue_Delay_Logic_PPA_류형록_최종.zip,a3156ec6d23a96eeadc08e45effae3f9c040eaf61325d3edec80e78501fc1317,modelsim/vcd_circular_depth10.do,.do,423,d4a3e36c9dba5e05d37f50fe970701e0eca76d4e2820449534041dfc44d5259b,False,PUBLIC_USED
03_프로젝트2_Circular_Queue_Delay_Logic_PPA_류형록_최종,프로젝트2_Circular_Queue_Delay_Logic_PPA_류형록_최종.zip,a3156ec6d23a96eeadc08e45effae3f9c040eaf61325d3edec80e78501fc1317,modelsim/vcd_circular_depth100.do,.do,425,68eb828f38b23a2b9c8575848d2fe4553e4cfe73958b9bc2a6b8abd39fa792db,False,PUBLIC_USED
03_프로젝트2_Circular_Queue_Delay_Logic_PPA_류형록_최종,프로젝트2_Circular_Queue_Delay_Logic_PPA_류형록_최종.zip,a3156ec6d23a96eeadc08e45effae3f9c040eaf61325d3edec80e78501fc1317,modelsim/vcd_shift_depth10.do,.do,417,8f872c6ea099f078272cb3f5f3929d52cce42330d75c98ff4d2e086911214d37,False,PUBLIC_USED
03_프로젝트2_Circular_Queue_Delay_Logic_PPA_류형록_최종,프로젝트2_Circular_Queue_Delay_Logic_PPA_류형록_최종.zip,a3156ec6d23a96eeadc08e45effae3f9c040eaf61325d3edec80e78501fc1317,modelsim/vcd_shift_depth100.do,.do,419,f4ca3ea211814ffb4ae7bb50982cacedc9c3ff45b412ed0c46faa11fcea60b95,False,PUBLIC_USED
03_프로젝트2_Circular_Queue_Delay_Logic_PPA_류형록_최종,프로젝트2_Circular_Queue_Delay_Logic_PPA_류형록_최종.zip,a3156ec6d23a96eeadc08e45effae3f9c040eaf61325d3edec80e78501fc1317,modelsim/wave_functional.do,.do,933,3c62cc962944d74e1ac2c84ffd8d7416640943bbfa96f3307711c4e03789a94a,False,PUBLIC_USED
03_프로젝트2_Circular_Queue_Delay_Logic_PPA_류형록_최종,프로젝트2_Circular_Queue_Delay_Logic_PPA_류형록_최종.zip,a3156ec6d23a96eeadc08e45effae3f9c040eaf61325d3edec80e78501fc1317,quartus/circular_depth10/circular_depth10.qpf,.qpf,96,a50dc522ce9101a0eb0e3cbdac612fa1ea0b35dd3be07a31cd446584a162408a,False,PUBLIC_USED
03_프로젝트2_Circular_Queue_Delay_Logic_PPA_류형록_최종,프로젝트2_Circular_Queue_Delay_Logic_PPA_류형록_최종.zip,a3156ec6d23a96eeadc08e45effae3f9c040eaf61325d3edec80e78501fc1317,quartus/circular_depth10/circular_depth10.qsf,.qsf,1360,f6457522538e0e399766d654a7835cf86de2f7182d96ec30023abc406637d557,False,PUBLIC_USED
03_프로젝트2_Circular_Queue_Delay_Logic_PPA_류형록_최종,프로젝트2_Circular_Queue_Delay_Logic_PPA_류형록_최종.zip,a3156ec6d23a96eeadc08e45effae3f9c040eaf61325d3edec80e78501fc1317,quartus/circular_depth100/circular_depth100.qpf,.qpf,97,df912ea7c52bab7fbe220adbb216b58d7853a8c5f46b2da5216dc12905e3d416,False,PUBLIC_USED
03_프로젝트2_Circular_Queue_Delay_Logic_PPA_류형록_최종,프로젝트2_Circular_Queue_Delay_Logic_PPA_류형록_최종.zip,a3156ec6d23a96eeadc08e45effae3f9c040eaf61325d3edec80e78501fc1317,quartus/circular_depth100/circular_depth100.qsf,.qsf,1362,a7eecc9a7e9d63ab648642023f6fc64f3efb10d5a79dc1f97dabfe0b52948b2c,False,PUBLIC_USED
03_프로젝트2_Circular_Queue_Delay_Logic_PPA_류형록_최종,프로젝트2_Circular_Queue_Delay_Logic_PPA_류형록_최종.zip,a3156ec6d23a96eeadc08e45effae3f9c040eaf61325d3edec80e78501fc1317,quartus/shift_depth10/shift_depth10.qpf,.qpf,93,56c966d2ac806354a2b1372f0274667766056ad5a02722e43cad1633e7b01211,False,PUBLIC_USED
03_프로젝트2_Circular_Queue_Delay_Logic_PPA_류형록_최종,프로젝트2_Circular_Queue_Delay_Logic_PPA_류형록_최종.zip,a3156ec6d23a96eeadc08e45effae3f9c040eaf61325d3edec80e78501fc1317,quartus/shift_depth10/shift_depth10.qsf,.qsf,1358,47563ed364944dcf35d4cfdc62493f6a2b2189ce84377ca8b7f7a2abc12e8a33,False,PUBLIC_USED
03_프로젝트2_Circular_Queue_Delay_Logic_PPA_류형록_최종,프로젝트2_Circular_Queue_Delay_Logic_PPA_류형록_최종.zip,a3156ec6d23a96eeadc08e45effae3f9c040eaf61325d3edec80e78501fc1317,quartus/shift_depth100/shift_depth100.qpf,.qpf,94,5c7b5c66ffc046d2aa7c67581c9b24e709742133c7b46f49f6e3aaa4d1416269,False,PUBLIC_USED
03_프로젝트2_Circular_Queue_Delay_Logic_PPA_류형록_최종,프로젝트2_Circular_Queue_Delay_Logic_PPA_류형록_최종.zip,a3156ec6d23a96eeadc08e45effae3f9c040eaf61325d3edec80e78501fc1317,quartus/shift_depth100/shift_depth100.qsf,.qsf,1360,4508405d3fd43c27bcbfbeefddb38b8f843ffe1a4f0f948a3f15a0b204bba4ef,False,PUBLIC_USED
03_프로젝트2_Circular_Queue_Delay_Logic_PPA_류형록_최종,프로젝트2_Circular_Queue_Delay_Logic_PPA_류형록_최종.zip,a3156ec6d23a96eeadc08e45effae3f9c040eaf61325d3edec80e78501fc1317,results/PPA_results_template.csv,.csv,261,0ce94467ddc841c57bbd7bc1ec21314fe935d2a7ca02d6612347b9cf0b86330c,False,PUBLIC_USED
03_프로젝트2_Circular_Queue_Delay_Logic_PPA_류형록_최종,프로젝트2_Circular_Queue_Delay_Logic_PPA_류형록_최종.zip,a3156ec6d23a96eeadc08e45effae3f9c040eaf61325d3edec80e78501fc1317,results/functional_expected_vectors.csv,.csv,1397,efb90f6115e857ad99c1aa998c1b7b507e6d09c21378229fea10e2b841809cd2,False,PUBLIC_USED
03_프로젝트2_Circular_Queue_Delay_Logic_PPA_류형록_최종,프로젝트2_Circular_Queue_Delay_Logic_PPA_류형록_최종.zip,a3156ec6d23a96eeadc08e45effae3f9c040eaf61325d3edec80e78501fc1317,rtl/circular_queue_delay_logic.sv,.sv,3029,20a597e7b9c42749ecca6777fac61be4a80d86981cef75e50217a37605f7f3be,False,PUBLIC_USED
03_프로젝트2_Circular_Queue_Delay_Logic_PPA_류형록_최종,프로젝트2_Circular_Queue_Delay_Logic_PPA_류형록_최종.zip,a3156ec6d23a96eeadc08e45effae3f9c040eaf61325d3edec80e78501fc1317,rtl/ppa_top_wrappers.sv,.sv,1588,5f462cf54753df62bd0b1bd6663502ce616880bfea9d0ab34dd6795d2f2bb99a,False,PUBLIC_USED
03_프로젝트2_Circular_Queue_Delay_Logic_PPA_류형록_최종,프로젝트2_Circular_Queue_Delay_Logic_PPA_류형록_최종.zip,a3156ec6d23a96eeadc08e45effae3f9c040eaf61325d3edec80e78501fc1317,rtl/shift_register_delay_logic_ppa.sv,.sv,1976,88866a0298bd5d51108bea0e453125c63fca1ca1e049f21b333698226aabbbc8,False,PUBLIC_USED
03_프로젝트2_Circular_Queue_Delay_Logic_PPA_류형록_최종,프로젝트2_Circular_Queue_Delay_Logic_PPA_류형록_최종.zip,a3156ec6d23a96eeadc08e45effae3f9c040eaf61325d3edec80e78501fc1317,run_all_ppa.bat,.bat,1632,9a378449db7a6f5ef3610a6088dd05bcd6e55e4f3719075e8789ea6e9e1d37d0,False,PUBLIC_USED
03_프로젝트2_Circular_Queue_Delay_Logic_PPA_류형록_최종,프로젝트2_Circular_Queue_Delay_Logic_PPA_류형록_최종.zip,a3156ec6d23a96eeadc08e45effae3f9c040eaf61325d3edec80e78501fc1317,scripts/collect_ppa_results.py,.py,4383,b28cf4b8f9cba8f0ae49320942ed7ba9343395d297e0c4cbda8ce7748a55b9b1,False,PUBLIC_USED
03_프로젝트2_Circular_Queue_Delay_Logic_PPA_류형록_최종,프로젝트2_Circular_Queue_Delay_Logic_PPA_류형록_최종.zip,a3156ec6d23a96eeadc08e45effae3f9c040eaf61325d3edec80e78501fc1317,tb/tb_circular_queue_delay_logic.sv,.sv,2512,c79164129cf57fb93af306429b528eea0a553c1e49a537b76c16b1f07b00a685,False,PUBLIC_USED
03_프로젝트2_Circular_Queue_Delay_Logic_PPA_류형록_최종,프로젝트2_Circular_Queue_Delay_Logic_PPA_류형록_최종.zip,a3156ec6d23a96eeadc08e45effae3f9c040eaf61325d3edec80e78501fc1317,tb/tb_ppa_activity.sv,.sv,1825,abbe587124d4e720e0c97e2b2e23f1a5c6725d358718afe1053d2d6b8a935176,False,PUBLIC_USED
04_프로젝트3_Memory_Delay_Logic_DV_류형록_최종,프로젝트3_Memory_Delay_Logic_DV_류형록_최종.zip,325998ac8aa4cfdbb5ecc347c3320b075d6f5bbfcca8e925b32d4490ca9fa906,MANIFEST.txt,.txt,1394,c155b4a09f0e66ba9c3bb9dfc5efac7fe47c4dd812ab013a81bacee3a69793b2,False,PUBLIC_USED
04_프로젝트3_Memory_Delay_Logic_DV_류형록_최종,프로젝트3_Memory_Delay_Logic_DV_류형록_최종.zip,325998ac8aa4cfdbb5ecc347c3320b075d6f5bbfcca8e925b32d4490ca9fa906,README.txt,.txt,2121,665c1c03878d800e2a18ef5afd1acda5fed0717c6d7ba517b1b6818348446db1,False,PUBLIC_USED
04_프로젝트3_Memory_Delay_Logic_DV_류형록_최종,프로젝트3_Memory_Delay_Logic_DV_류형록_최종.zip,325998ac8aa4cfdbb5ecc347c3320b075d6f5bbfcca8e925b32d4490ca9fa906,constraints/clock_100mhz.sdc,.sdc,98,3105a8cdbb831067396a3f6cbbb8038b1324d81619627e3f7f0b31bf36c1c0d7,False,PUBLIC_USED
04_프로젝트3_Memory_Delay_Logic_DV_류형록_최종,프로젝트3_Memory_Delay_Logic_DV_류형록_최종.zip,325998ac8aa4cfdbb5ecc347c3320b075d6f5bbfcca8e925b32d4490ca9fa906,docs/Project3_Memory_Delay_Logic_Report_RyuHyeongrok.docx,.docx,635265,2a1a93d08ada6ed5d970bd719019e69e1dbfd2ef600355a0e56b0808cf599fc6,False,PUBLIC_REFERENCE_ONLY
04_프로젝트3_Memory_Delay_Logic_DV_류형록_최종,프로젝트3_Memory_Delay_Logic_DV_류형록_최종.zip,325998ac8aa4cfdbb5ecc347c3320b075d6f5bbfcca8e925b32d4490ca9fa906,figures/dut_memory_block.png,.png,164598,a963401106850634f6c687bf1738af2e3ca58991f7d7cd92dd1c33f749c82979,False,PUBLIC_REFERENCE_ONLY
04_프로젝트3_Memory_Delay_Logic_DV_류형록_최종,프로젝트3_Memory_Delay_Logic_DV_류형록_최종.zip,325998ac8aa4cfdbb5ecc347c3320b075d6f5bbfcca8e925b32d4490ca9fa906,figures/file_reference_model.png,.png,139090,bba07b9635dbe56b4c9b9adf8539802b625160865977d531864ca4466bb3614b,False,PUBLIC_REFERENCE_ONLY
04_프로젝트3_Memory_Delay_Logic_DV_류형록_최종,프로젝트3_Memory_Delay_Logic_DV_류형록_최종.zip,325998ac8aa4cfdbb5ecc347c3320b075d6f5bbfcca8e925b32d4490ca9fa906,figures/verification_architecture.png,.png,169520,2df189bc2458269f1bd86c69a27ada03e00ae1a062ee3d137a6efbbea44150ea,False,PUBLIC_REFERENCE_ONLY
04_프로젝트3_Memory_Delay_Logic_DV_류형록_최종,프로젝트3_Memory_Delay_Logic_DV_류형록_최종.zip,325998ac8aa4cfdbb5ecc347c3320b075d6f5bbfcca8e925b32d4490ca9fa906,figures/wave_scenario1.png,.png,68279,94a442d544e95546ac461896aba4b4c2b933e26e99d59db8d175bac64288ade8,False,PUBLIC_REFERENCE_ONLY
04_프로젝트3_Memory_Delay_Logic_DV_류형록_최종,프로젝트3_Memory_Delay_Logic_DV_류형록_최종.zip,325998ac8aa4cfdbb5ecc347c3320b075d6f5bbfcca8e925b32d4490ca9fa906,figures/wave_scenario2.png,.png,78954,33c4587050f6d2ac83d58425eddbb7192be8b58a1d9e3a04ec0992b4cf5539d2,False,PUBLIC_REFERENCE_ONLY
04_프로젝트3_Memory_Delay_Logic_DV_류형록_최종,프로젝트3_Memory_Delay_Logic_DV_류형록_최종.zip,325998ac8aa4cfdbb5ecc347c3320b075d6f5bbfcca8e925b32d4490ca9fa906,figures/wave_scenario3.png,.png,80459,5bce1fb391a0920712e0b8caf1681d092e3c1d9e1a4b15b9e29b4eba48eddd49,False,PUBLIC_REFERENCE_ONLY
04_프로젝트3_Memory_Delay_Logic_DV_류형록_최종,프로젝트3_Memory_Delay_Logic_DV_류형록_최종.zip,325998ac8aa4cfdbb5ecc347c3320b075d6f5bbfcca8e925b32d4490ca9fa906,modelsim/compile.do,.do,224,8955095301861bb948c3fd5e6c3ce0f3940dae2ad173501853edf1ea88ea9d85,False,PUBLIC_USED
04_프로젝트3_Memory_Delay_Logic_DV_류형록_최종,프로젝트3_Memory_Delay_Logic_DV_류형록_최종.zip,325998ac8aa4cfdbb5ecc347c3320b075d6f5bbfcca8e925b32d4490ca9fa906,modelsim/run_all_batch.bat,.bat,283,2433caab800424b912e5d3033a0802ed47f0811bab8c1f943eeaf67791e53dc6,False,PUBLIC_USED
04_프로젝트3_Memory_Delay_Logic_DV_류형록_최종,프로젝트3_Memory_Delay_Logic_DV_류형록_최종.zip,325998ac8aa4cfdbb5ecc347c3320b075d6f5bbfcca8e925b32d4490ca9fa906,modelsim/run_scenario1.do,.do,154,358739c5359337c38281bc8d4e11742043c0a693a6c6cfc7ae175f6940552b44,False,PUBLIC_USED
04_프로젝트3_Memory_Delay_Logic_DV_류형록_최종,프로젝트3_Memory_Delay_Logic_DV_류형록_최종.zip,325998ac8aa4cfdbb5ecc347c3320b075d6f5bbfcca8e925b32d4490ca9fa906,modelsim/run_scenario1_batch.bat,.bat,96,9610fdc5fd7333ab92694b8d6563a8fe77bb911751eddcb67b2bfc87c05404cf,False,PUBLIC_USED
04_프로젝트3_Memory_Delay_Logic_DV_류형록_최종,프로젝트3_Memory_Delay_Logic_DV_류형록_최종.zip,325998ac8aa4cfdbb5ecc347c3320b075d6f5bbfcca8e925b32d4490ca9fa906,modelsim/run_scenario1_batch.do,.do,115,2042ec051ba10071f981b6b8a4b2dbdf0b88a4fb5def3ed6d724be081f5935e4,False,PUBLIC_USED
04_프로젝트3_Memory_Delay_Logic_DV_류형록_최종,프로젝트3_Memory_Delay_Logic_DV_류형록_최종.zip,325998ac8aa4cfdbb5ecc347c3320b075d6f5bbfcca8e925b32d4490ca9fa906,modelsim/run_scenario1_gui.bat,.bat,66,623103b5e0c2a905c8fde831add54685506f1d7d8f012a4515e1f2a6b1907cb1,False,PUBLIC_USED
04_프로젝트3_Memory_Delay_Logic_DV_류형록_최종,프로젝트3_Memory_Delay_Logic_DV_류형록_최종.zip,325998ac8aa4cfdbb5ecc347c3320b075d6f5bbfcca8e925b32d4490ca9fa906,modelsim/run_scenario2.do,.do,154,9d0051289013455e20535a8b9c4afba62aca67e751a272f32e1f8cc3f4a8de50,False,PUBLIC_USED
04_프로젝트3_Memory_Delay_Logic_DV_류형록_최종,프로젝트3_Memory_Delay_Logic_DV_류형록_최종.zip,325998ac8aa4cfdbb5ecc347c3320b075d6f5bbfcca8e925b32d4490ca9fa906,modelsim/run_scenario2_batch.bat,.bat,96,d2b0445d179945075bfb524d80b1061c12dcc908255835cbaa7130ecf8a224b1,False,PUBLIC_USED
04_프로젝트3_Memory_Delay_Logic_DV_류형록_최종,프로젝트3_Memory_Delay_Logic_DV_류형록_최종.zip,325998ac8aa4cfdbb5ecc347c3320b075d6f5bbfcca8e925b32d4490ca9fa906,modelsim/run_scenario2_batch.do,.do,115,039a2a7aaaec07a108f83363fee7a7f18f5e60cb27ef94b95287669b1eb20295,False,PUBLIC_USED
04_프로젝트3_Memory_Delay_Logic_DV_류형록_최종,프로젝트3_Memory_Delay_Logic_DV_류형록_최종.zip,325998ac8aa4cfdbb5ecc347c3320b075d6f5bbfcca8e925b32d4490ca9fa906,modelsim/run_scenario2_gui.bat,.bat,66,2302a8cd32542bcd0d603bf1698054bfff33029b6d8d46ea0b8402b38bba780a,False,PUBLIC_USED
04_프로젝트3_Memory_Delay_Logic_DV_류형록_최종,프로젝트3_Memory_Delay_Logic_DV_류형록_최종.zip,325998ac8aa4cfdbb5ecc347c3320b075d6f5bbfcca8e925b32d4490ca9fa906,modelsim/run_scenario3.do,.do,154,85fdc64f22ef4bd6cb5a7b82c88bce7c43f627ba3f4122cad66bb7271d9d2023,False,PUBLIC_USED
04_프로젝트3_Memory_Delay_Logic_DV_류형록_최종,프로젝트3_Memory_Delay_Logic_DV_류형록_최종.zip,325998ac8aa4cfdbb5ecc347c3320b075d6f5bbfcca8e925b32d4490ca9fa906,modelsim/run_scenario3_batch.bat,.bat,96,e7e20ab56913131303ca3e05b9ecec82ddc61b4529816d4d6ff60570ed8eeec9,False,PUBLIC_USED
04_프로젝트3_Memory_Delay_Logic_DV_류형록_최종,프로젝트3_Memory_Delay_Logic_DV_류형록_최종.zip,325998ac8aa4cfdbb5ecc347c3320b075d6f5bbfcca8e925b32d4490ca9fa906,modelsim/run_scenario3_batch.do,.do,115,4a3649daec6768522c7b3b903ec07b3fbded191db3437041b681c8360debed54,False,PUBLIC_USED
04_프로젝트3_Memory_Delay_Logic_DV_류형록_최종,프로젝트3_Memory_Delay_Logic_DV_류형록_최종.zip,325998ac8aa4cfdbb5ecc347c3320b075d6f5bbfcca8e925b32d4490ca9fa906,modelsim/run_scenario3_gui.bat,.bat,66,52e856ffb24649242c9fa89ea3174e632cbbe17fd2534553da994d4b2e40b5c3,False,PUBLIC_USED
04_프로젝트3_Memory_Delay_Logic_DV_류형록_최종,프로젝트3_Memory_Delay_Logic_DV_류형록_최종.zip,325998ac8aa4cfdbb5ecc347c3320b075d6f5bbfcca8e925b32d4490ca9fa906,modelsim/wave.do,.do,1237,2896fedbd402ee43c5499ef49021aa3578b090e15d7fa19570298f5e9175de89,False,PUBLIC_USED
04_프로젝트3_Memory_Delay_Logic_DV_류형록_최종,프로젝트3_Memory_Delay_Logic_DV_류형록_최종.zip,325998ac8aa4cfdbb5ecc347c3320b075d6f5bbfcca8e925b32d4490ca9fa906,quartus/memory_delay_logic.qpf,.qpf,98,edceaf7a9677ef4b88acf234c6977b56c73ed6cc6a229f2398815a3cd3b22b11,False,PUBLIC_USED
04_프로젝트3_Memory_Delay_Logic_DV_류형록_최종,프로젝트3_Memory_Delay_Logic_DV_류형록_최종.zip,325998ac8aa4cfdbb5ecc347c3320b075d6f5bbfcca8e925b32d4490ca9fa906,quartus/memory_delay_logic.qsf,.qsf,1157,75b11149db9f5f2c8b8c0de5be018f6bae590e177ea5c28da2b8d423d51da290,False,PUBLIC_USED
04_프로젝트3_Memory_Delay_Logic_DV_류형록_최종,프로젝트3_Memory_Delay_Logic_DV_류형록_최종.zip,325998ac8aa4cfdbb5ecc347c3320b075d6f5bbfcca8e925b32d4490ca9fa906,quartus/run_quartus_compile.bat,.bat,99,7f119fb3bc085050b0d7640d802cd8465944bd04a83b74568d9b3959f912c90c,False,PUBLIC_USED
04_프로젝트3_Memory_Delay_Logic_DV_류형록_최종,프로젝트3_Memory_Delay_Logic_DV_류형록_최종.zip,325998ac8aa4cfdbb5ecc347c3320b075d6f5bbfcca8e925b32d4490ca9fa906,results/reference_cycle_trace.csv,.csv,889,c653fbec6d779dba3cb3f4cf583bf2e7984a73f48900008a40e3792ab8c7f58c,False,PUBLIC_USED
04_프로젝트3_Memory_Delay_Logic_DV_류형록_최종,프로젝트3_Memory_Delay_Logic_DV_류형록_최종.zip,325998ac8aa4cfdbb5ecc347c3320b075d6f5bbfcca8e925b32d4490ca9fa906,results/reference_summary.csv,.csv,189,d351cbb262d49c6fec8d2b7ed4eda6e9b75fcf74fb3bfff18742de4f6a5e0379,False,PUBLIC_USED
04_프로젝트3_Memory_Delay_Logic_DV_류형록_최종,프로젝트3_Memory_Delay_Logic_DV_류형록_최종.zip,325998ac8aa4cfdbb5ecc347c3320b075d6f5bbfcca8e925b32d4490ca9fa906,results/reference_validation.txt,.txt,210,3b126d250ea40915d4c2952a253e9759467a7c0b82d57c9693a4a75ea525e187,False,PUBLIC_USED
04_프로젝트3_Memory_Delay_Logic_DV_류형록_최종,프로젝트3_Memory_Delay_Logic_DV_류형록_최종.zip,325998ac8aa4cfdbb5ecc347c3320b075d6f5bbfcca8e925b32d4490ca9fa906,rtl/memory_delay_logic.sv,.sv,3890,b7ae8e17b796802475e8aa6d1a27f6110262c22175ddbd9f0d114f927dcef06e,False,PUBLIC_USED
04_프로젝트3_Memory_Delay_Logic_DV_류형록_최종,프로젝트3_Memory_Delay_Logic_DV_류형록_최종.zip,325998ac8aa4cfdbb5ecc347c3320b075d6f5bbfcca8e925b32d4490ca9fa906,run_modelsim_gui.bat,.bat,60,37e5fb49c96f953d7b1c254a1865376f0aa9f5ba646265275c53e0fe6475a3ed,False,PUBLIC_USED
04_프로젝트3_Memory_Delay_Logic_DV_류형록_최종,프로젝트3_Memory_Delay_Logic_DV_류형록_최종.zip,325998ac8aa4cfdbb5ecc347c3320b075d6f5bbfcca8e925b32d4490ca9fa906,run_quartus_compile.bat,.bat,60,f83bc05e1e4f79bb6cf0f05255f8bf474ebdcee6eadbea1a3875259fc08e78da,False,PUBLIC_USED
04_프로젝트3_Memory_Delay_Logic_DV_류형록_최종,프로젝트3_Memory_Delay_Logic_DV_류형록_최종.zip,325998ac8aa4cfdbb5ecc347c3320b075d6f5bbfcca8e925b32d4490ca9fa906,scripts/create_report.py,.py,20604,2e31f03ad95cc0a249c4787208b3a7f7c3e2ac26aac45e3d1adb216a86614f49,False,PUBLIC_USED
04_프로젝트3_Memory_Delay_Logic_DV_류형록_최종,프로젝트3_Memory_Delay_Logic_DV_류형록_최종.zip,325998ac8aa4cfdbb5ecc347c3320b075d6f5bbfcca8e925b32d4490ca9fa906,scripts/generate_figures.py,.py,10650,9b4ec98a90afb3eec5b6dad1a8b54201f3cc081aca9c85d055f35202c47b06aa,False,PUBLIC_USED
04_프로젝트3_Memory_Delay_Logic_DV_류형록_최종,프로젝트3_Memory_Delay_Logic_DV_류형록_최종.zip,325998ac8aa4cfdbb5ecc347c3320b075d6f5bbfcca8e925b32d4490ca9fa906,scripts/generate_reference_vectors.py,.py,6162,e96b0440c39278b5a17ec05dfe88b5ed1040ae0659c8030814995aae676d1756,False,PUBLIC_USED
04_프로젝트3_Memory_Delay_Logic_DV_류형록_최종,프로젝트3_Memory_Delay_Logic_DV_류형록_최종.zip,325998ac8aa4cfdbb5ecc347c3320b075d6f5bbfcca8e925b32d4490ca9fa906,tb/input_driver.sv,.sv,7605,319215fcd64628534a55f1757a0ca5da6af055833b035dca5fec95e98c8405df,False,PUBLIC_USED
04_프로젝트3_Memory_Delay_Logic_DV_류형록_최종,프로젝트3_Memory_Delay_Logic_DV_류형록_최종.zip,325998ac8aa4cfdbb5ecc347c3320b075d6f5bbfcca8e925b32d4490ca9fa906,tb/output_checker.sv,.sv,7723,5771a6130ae4206e9c1feed3b33a8b7873fb9cd3825f25028b95be94fda740cb,False,PUBLIC_USED
04_프로젝트3_Memory_Delay_Logic_DV_류형록_최종,프로젝트3_Memory_Delay_Logic_DV_류형록_최종.zip,325998ac8aa4cfdbb5ecc347c3320b075d6f5bbfcca8e925b32d4490ca9fa906,tb/tb_memory_delay_logic.sv,.sv,3345,492a205881cb1261a6f6823f52783ae6003715c926427479a84c5f470f2a655f,False,PUBLIC_USED
04_프로젝트3_Memory_Delay_Logic_DV_류형록_최종,프로젝트3_Memory_Delay_Logic_DV_류형록_최종.zip,325998ac8aa4cfdbb5ecc347c3320b075d6f5bbfcca8e925b32d4490ca9fa906,vectors/scenario1/Input.txt,.txt,90,e1054080d8155acc33acd04de5836c3e73106c23e0aa9dc459d4686eb48af6e9,False,PUBLIC_USED
04_프로젝트3_Memory_Delay_Logic_DV_류형록_최종,프로젝트3_Memory_Delay_Logic_DV_류형록_최종.zip,325998ac8aa4cfdbb5ecc347c3320b075d6f5bbfcca8e925b32d4490ca9fa906,vectors/scenario1/output.txt,.txt,102,9dd58db3afc4254dfcc51206b6b7835e538da0b4529fcf5ee7e2c3bf781cedec,False,PUBLIC_USED
04_프로젝트3_Memory_Delay_Logic_DV_류형록_최종,프로젝트3_Memory_Delay_Logic_DV_류형록_최종.zip,325998ac8aa4cfdbb5ecc347c3320b075d6f5bbfcca8e925b32d4490ca9fa906,vectors/scenario1/register.txt,.txt,156,5060cab2f0529cfc4033cb4e56fd3b75c9203d084748236c1a195cfe5670a0e7,False,PUBLIC_USED
04_프로젝트3_Memory_Delay_Logic_DV_류형록_최종,프로젝트3_Memory_Delay_Logic_DV_류형록_최종.zip,325998ac8aa4cfdbb5ecc347c3320b075d6f5bbfcca8e925b32d4490ca9fa906,vectors/scenario2/Input.txt,.txt,101,67b2de51804c7ebc123ea51f4df992c93d974100d3b27c1695fd594c46151b44,False,PUBLIC_USED
04_프로젝트3_Memory_Delay_Logic_DV_류형록_최종,프로젝트3_Memory_Delay_Logic_DV_류형록_최종.zip,325998ac8aa4cfdbb5ecc347c3320b075d6f5bbfcca8e925b32d4490ca9fa906,vectors/scenario2/output.txt,.txt,121,52b7e7d3a926a6aea234e550827a69cd2d95c0f2f2922a578a606821fcca1270,False,PUBLIC_USED
04_프로젝트3_Memory_Delay_Logic_DV_류형록_최종,프로젝트3_Memory_Delay_Logic_DV_류형록_최종.zip,325998ac8aa4cfdbb5ecc347c3320b075d6f5bbfcca8e925b32d4490ca9fa906,vectors/scenario2/register.txt,.txt,156,98d64998a194e1dd6cf3161260a3b7537325b0e125776fe8062c77f7bbd3b207,False,PUBLIC_USED
04_프로젝트3_Memory_Delay_Logic_DV_류형록_최종,프로젝트3_Memory_Delay_Logic_DV_류형록_최종.zip,325998ac8aa4cfdbb5ecc347c3320b075d6f5bbfcca8e925b32d4490ca9fa906,vectors/scenario3/Input.txt,.txt,137,86535af18bee42bb062406c655736471568eb5ceaa56cca5353fd0125d899a10,False,PUBLIC_USED
04_프로젝트3_Memory_Delay_Logic_DV_류형록_최종,프로젝트3_Memory_Delay_Logic_DV_류형록_최종.zip,325998ac8aa4cfdbb5ecc347c3320b075d6f5bbfcca8e925b32d4490ca9fa906,vectors/scenario3/output.txt,.txt,161,f8f13aedddc276be86d47aba82edd9b122e586407223f033b66fcd95e56a07ea,False,PUBLIC_USED
04_프로젝트3_Memory_Delay_Logic_DV_류형록_최종,프로젝트3_Memory_Delay_Logic_DV_류형록_최종.zip,325998ac8aa4cfdbb5ecc347c3320b075d6f5bbfcca8e925b32d4490ca9fa906,vectors/scenario3/register.txt,.txt,175,cb00ca21fdfd42de47dd64761b5a8249a27c3c533695f62bcf2dfc97433e3767,False,PUBLIC_USED
